category,service_type,effective_from,min_km,fare_per_km_paise,min_fare_rs,min_fare_km
RURAL,Ordinary,29.01.2018,,58,6.00,10
RURAL,Express,29.01.2018,,75,8.00,10
RURAL,Semi Luxury,29.01.2018,,85,9.00,10
RURAL,Deluxe (Ultra Deluxe),29.01.2018,,100,24.00,30
CITY_URBAN,Ordinary,29.01.2018,2,,4.00,22
CITY_URBAN,Ordinary,29.01.2018,4,,5.00,24
CITY_URBAN,Ordinary,29.01.2018,6,,6.00,26
CITY_URBAN,Ordinary,29.01.2018,8,,7.00,28
CITY_URBAN,Ordinary,29.01.2018,10,,8.00,30
CITY_URBAN,Ordinary,29.01.2018,12,,9.00,32
CITY_URBAN,Ordinary,29.01.2018,14,,10.00,34
CITY_URBAN,Ordinary,29.01.2018,16,,11.00,36
CITY_URBAN,Ordinary,29.01.2018,18,,12.00,38
CITY_URBAN,Ordinary,29.01.2018,20,,13.00,40
CITY_URBAN,LSS,29.01.2018,2,,5.00,22
CITY_URBAN,LSS,29.01.2018,4,,6.00,24
CITY_URBAN,LSS,29.01.2018,6,,7.00,26
CITY_URBAN,LSS,29.01.2018,8,,8.00,28
CITY_URBAN,LSS,29.01.2018,10,,9.00,30
CITY_URBAN,LSS,29.01.2018,12,,10.00,32
CITY_URBAN,LSS,29.01.2018,14,,11.00,34
CITY_URBAN,LSS,29.01.2018,16,,12.00,36
CITY_URBAN,LSS,29.01.2018,18,,13.00,38
CITY_URBAN,LSS,29.01.2018,20,,14.00,40
CITY_URBAN,Express,29.01.2018,2,,6.00,22
CITY_URBAN,Express,29.01.2018,4,,8.00,24
CITY_URBAN,Express,29.01.2018,6,,9.00,26
CITY_URBAN,Express,29.01.2018,8,,11.00,28
CITY_URBAN,Express,29.01.2018,10,,12.00,30
CITY_URBAN,Express,29.01.2018,12,,14.00,32
CITY_URBAN,Express,29.01.2018,14,,15.00,34
CITY_URBAN,Express,29.01.2018,16,,17.00,36
CITY_URBAN,Express,29.01.2018,18,,18.00,38
CITY_URBAN,Express,29.01.2018,20,,20.00,40
