sl_no,route_no,source,destination,via,total_services,journey_time_min,fare
1,451FP,NAGERCOIL,THIRUVANANTHAPURAM,,29,150,72.00
2,453,COLACHEL,THIRUVANANTHAPURAM,,1,175,69.00
3,454,COLACHEL,THIRUVANANTHAPURAM,,1,150,61.00
4,455,THENGAPATINAM,THIRUVANANTHAPURAM,,1,120,51.00
5,456,KOLLENCODE,THIRUVANANTHAPURAM,,1,120,42.00
6,457,PECHIPARAI,THIRUVANANTHAPURAM,,1,150,58.00
7,458,THIRPARAPPU,THIRUVANANTHAPURAM,,1,150,55.00
8,463,MANAVALAKURICHY,THIRUVANANTHAPURAM,,1,150,71.00
9,475,KANYAKUMARI,THIRUVANANTHAPURAM,,1,180,96.00
10,450,KANYAKUMARI,NEDUMANKADU,,1,180,102.00
11,505-TAN,NAGERCOIL,THANJAVUR,,2,600,313.00
12,505-CBE,MARTHANDAM,COIMBATORE,,6,680,378.00
13,505-DIN,NAGERCOIL,DINDIGUL,,5,445,248.00
14,505/TPR,NAGERCOIL,TIRUPPUR,,5,600,336.00
15,505/RAME,KANYAKUMARI,RAMESWARAM,MADURAI,1,590,339.00
16,579/RAME,KANYAKUMARI,RAMESWARAM,THOOTHUKUDI,2,480,257.00
17,505-TRI,NAGERCOIL,TRICHIRAPPALLI,MADURAI,3,535,289.00
18,505-SLM,KALIAKKAVILAI,SALEM,MADURAI,2,700,413.00
19,505-PAL,NAGERCOIL,PALANI,MADURAI,2,540,284.00
20,505-KOD,NAGERCOIL,KODAIKANAL,MADURAI,2,580,288.00
21,505-VKI,KALIAKKAVILAI,VELANKANNI,THOOTHUKUDI,2,770,405.00
22,505/PERI,NAGERCOIL,PERIAKULAM,MADURAI,1,450,261.00
23,505K,MONDAYNAGAR,KARAIKUDI,MADURAI,1,565,268.00
24,622,NAGERCOIL,KUMULI,"RAJAPALAYAM, THENI",7,415,271.00
25,505-EXP,NAGERCOIL,MADURAI,TIRUNELVELI,4,280,218.00
26,505,NAGERCOIL,MADURAI,,11,300,192.00
27,567,NAGERCOIL,PAPANASAM,CHERANMAHADEVI,2,240,80.00
28,585X,NAGERCOIL,SIVAKASI,SATHUR,2,270,141.00
29,564-PP,NAGERCOIL,TIRUNELVELI,ERUVADI,11,105,59.00
30,565-EE,NAGERCOIL,TIRUNELVELI,,20,75,66.00
31,565-PP,NAGERCOIL,TIRUNELVELI,NANGUNERI,11,105,67.00
32,579,NAGERCOIL,THOOTHUKUDI,TIRUNELVELI,4,180,102.00
33,586,NAGERCOIL,THIRUCHENDUR,TIRUNELVELI,2,180,108.00
34,576,NAGERCOIL,THIRUCHENDUR,VALLIYOOR,22,195,87.00
35,570,NAGERCOIL,THOOTHUKUDI,KOODANKULAM,10,240,117.00
36,595,NAGERCOIL,THOOTHUKUDI,VALLIYOOR,11,255,115.00
37,311-LSS,MARTHANDAM,NAGERCOIL,,9,60,24.00
